indice_peak,lambda (nm),wave (cm-1),EW_nm_fixed,EW_nm_auto
0,406.08601,24625.325063525335,0.2527191849962574,0.006351211799552586
1,406.84198000000004,24579.567723075183,0.28362699870358266,0.012810002701403646
2,408.09899,24503.858732902034,0.23998105725254953,0.009329723900003166
3,408.61573,24472.87088042352,0.14821105554492808,0.023164319138479633
4,408.82476,24460.358027238857,0.1449662845489293,0.006587777812980926
5,409.03712,24447.65893129699,0.1228647254711752,0.00521422333352621
6,411.56059,24297.758927792383,0.159004474829638,0.008756449245207638
7,412.36785000000003,24250.193122475477,0.1722475850083524,0.012812193582977633
8,412.70443,24230.415941985404,0.18065084787808375,0.015251511473152304
9,412.73466,24228.64122921007,0.186106797176021,0.010241024200234395
10,413.58438,24178.862847770022,0.20939785254836368,0.06011432910482753
11,413.81645000000003,24165.303240120105,0.1950951223205628,0.020336881374354
12,414.30314,24136.91578586636,0.20309409543445747,0.010763494105221191
13,414.88386,24103.13093404019,0.2244902228183487,0.021275784897471162
14,415.05351,24093.278960585107,0.19157214905736827,0.04997603287804159
15,415.14194,24088.146815520497,0.20917887612045735,0.04997603287804159
16,415.56701000000004,24063.50783234694,0.22851015092638619,0.06204849180899349
17,415.78434,24050.92986426569,0.2325778407171374,0.044819740713711045
18,415.79708000000005,24050.192945077917,0.23097579304009416,0.044819740713711045
19,415.9965,24038.663786834742,0.213727598175295,0.02264399395261071
20,417.28666999999996,23964.340869072097,0.2539447309153,0.02901888262749618
21,417.6813,23941.699089712656,0.25725399924259035,0.039292170433643116
22,418.29332000000005,23906.66912873483,0.22765061891785962,0.04335511902929727
23,418.82189,23876.497954775,0.24819508346411598,0.1072343482042412
24,418.89756,23872.184884533584,0.2416904316899909,0.1072343482042412
25,419.26117999999997,23851.480835883733,0.23934745292650544,0.04095416683392945
26,419.73907,23824.324955025033,0.25787958977936093,0.0379329876517166
27,420.21078,23797.580823604763,0.2766803841028819,0.09294536802269789
28,420.3937,23787.226116851893,0.26723746269364534,0.09294536802269789
29,420.67233,23771.470778693718,0.23148375637561971,0.012091674443875301
30,420.83123,23762.495003044332,0.19639606173322738,0.0078058609209552925
31,420.97896000000003,23754.156264721638,0.17684830140695443,0.017361019279159184
32,421.48343000000006,23725.725113321772,0.2004696901654677,0.016875671862956534
33,421.73714,23711.452114461626,0.18749973232125697,0.0665003938197587
34,422.15304,23688.091882507822,0.22722419804477234,0.013871525704897608
35,422.34023,23677.592826049273,0.2767338882135644,0.02172208133361603
36,423.39182000000005,23618.78413239065,0.22595497540006212,0.05264564032473045
37,423.47950000000003,23613.893942918134,0.2273631012044318,0.05264564032473045
38,423.92172000000005,23589.260772012338,0.2626903589682581,0.04240664640333007
39,424.00035,23584.886191721303,0.2535575604745978,0.04240664640333007
40,424.10415000000006,23579.113762503854,0.2539652442676784,0.028650669297244302
41,425.95145,23476.85399357133,0.2813656658715361,0.16181622807518808
42,426.01505,23473.349122290398,0.2744232790953275,0.16181622807518808
43,428.36079,23344.807072561427,0.27162825532909746,0.05085444155858733
44,428.93523,23313.543165946056,0.3083468619005018,0.021697165698185406
45,429.2671,23295.51926993706,0.31252733464604077,0.06575347940477759
46,432.79699000000005,23105.521135902538,0.28007655818512583,0.21870058250503666
47,433.82657,23050.685899667234,0.2948995998026162,0.38738351715893027
48,434.49186000000003,23015.390898232246,0.3011804347487866,0.41702843909823695
49,434.77745000000004,23000.272898237934,0.1972989741792776,0.3789803007324503
50,436.91310999999996,22887.846052502297,0.17430279788641279,0.03656954258927026
51,437.47896000000003,22858.24214266213,0.2203179336922032,0.12020711557575645
52,438.91238999999996,22783.59013743039,0.32204507725743475,0.16211221034463796
53,438.96397,22780.91297561392,0.29974900972174656,0.16211221034463796
54,443.1433,22566.06384435915,0.184374165821599,0.036847542242488956
55,443.18580000000003,22563.899836140958,0.17717391910281446,0.036847542242488956
56,443.38124,22553.953793805078,0.17569174316361313,0.005501405152570132
57,443.50272000000007,22547.776031677997,0.179304511436868,0.027303584194872655
58,443.95893,22524.606048582016,0.18823762279973769,0.007047697456269865
59,444.35861000000006,22504.346208122308,0.14943475684902424,0.0731798762726104
60,444.40788000000003,22501.851227300467,0.1607065235893478,0.0731798762726104
61,444.67194,22488.488929614043,0.16333405731820638,0.004197935840471249
62,444.83788000000004,22480.099941129112,0.16216218207654748,0.03636047551803928
63,445.15648000000004,22464.01085748544,0.16690901711597098,0.02503883326192317
64,445.75765,22433.71482239284,0.22687931581878218,0.08680892518288427
65,445.93315000000007,22424.88588255885,0.25245563630656664,0.05523980299861977
66,446.2905,22406.930015315138,0.2144907385718619,0.07155779691741623
67,447.06298,22368.21308711359,0.1631716355469686,0.07119376272713426
68,448.13936000000007,22314.487172026125,0.14747321993015916,0.09585748725259259
69,448.28668,22307.15398458861,0.1364384727406812,0.09585748725259259
70,448.54780000000005,22294.16797942159,0.16082948158450644,0.015071911406616633
71,448.6934100000001,22286.933075304132,0.15483004523974958,0.009319781054377257
72,449.09987,22266.762179200807,0.13717523290653694,0.027959189474776183
73,449.58241,22242.863104897722,0.14175277672128048,0.04462177460207503
74,450.38539000000003,22203.206902426384,0.07798068095511086,0.03259951445965527
75,451.87914,22129.81108178616,0.09705097008701305,0.008527927792364503
76,452.64058000000006,22092.58392166252,0.16230332194637379,0.02102786081943084
77,453.24187000000006,22063.274957364374,0.22505850577365596,0.030089359318120696
78,457.6,21853.146853146853,0.0898563202336581,0.008135593391466573
79,458.8412900000001,21794.028170394165,0.12614276700889362,0.01891665917611765
80,459.94054,21741.940816958646,0.1360674716016305,0.02818434402179154
81,460.42305,21719.155893693853,0.12761045656379288,0.016542051594277508
82,462.05818,21642.296214732094,0.08197312300594681,0.02388498129836223
83,462.6340600000001,21615.356206155677,0.07725538697084829,0.010969918075386637
84,463.14170000000007,21591.66406307184,0.08111138489531022,0.01980243367233566
85,463.71444,21564.995905669875,0.10003419340534692,0.007764489560171761
86,463.8802,21557.290007204447,0.1061632954297001,0.02681395253825383
87,464.47636000000006,21529.621012358948,0.11993020450997838,0.11272204627853874
88,464.87355,21511.226009739636,0.13220686151108815,0.11272204627853874
89,466.87597,21418.9648698347,0.15041798481136276,0.09484710494174609
90,468.01554,21366.811879793564,0.10899950173125388,0.03495429707016775
91,468.16048,21360.196828232918,0.10823844887972604,0.022106839159755063
92,468.48705,21345.30719685848,0.11388447193389423,0.006639563182661762
93,470.85916,21237.773095462348,0.14950477085637823,0.025680945922543903
94,472.98685,21142.23682962856,0.10112910947054728,0.01268005910841721
95,473.03421000000003,21140.120077150445,0.10993428744408588,0.023944512082112356
96,474.71274000000005,21065.371028382342,0.06975219518070645,0.0096047379001518
97,478.07756,20917.10809434352,0.056475943387015934,0.004211385710608597
98,478.81452,20884.913849312674,0.09334064917507373,0.025282285660351008
99,478.91654,20880.464892692995,0.10227023437383095,0.00459150139741506
100,479.09897,20872.5140861814,0.08437057169752343,0.015380569228802779
101,479.96061000000003,20835.043109058468,0.05865413495390267,0.0133430509221572
102,480.19909,20824.69585687886,0.07624266020011067,0.0074597903209137825
103,480.90525,20794.116928438605,0.08208991162255483,0.015582540664084035
104,483.72191000000004,20673.035050241986,0.08124470348593536,0.005145429244600016
105,484.08967000000007,20657.32987031101,0.08422116182259451,0.01928137065744543
106,485.70297000000005,20588.71495062095,0.16405899557918951,0.3571342422845059
107,486.10990000000004,20571.47982380116,0.28637414177573706,0.38371417816291675
108,487.26789,20522.59179237113,0.14961050915029417,0.2633798817387231
109,487.34986000000004,20519.13998703108,0.14922371639723256,0.21402564658587667
110,487.7239400000001,20503.401985967714,0.13198449129088322,0.01531471702127437
111,488.30812,20478.87305253085,0.09356328638873583,0.012348496254361909
112,488.35069000000004,20477.087889442726,0.10280840840195059,0.00811799711249207
113,488.6795,20463.309797116515,0.1125306854869619,0.052481374435919034
114,488.76964,20459.53590734482,0.14217684710202785,0.052481374435919034
115,489.21209,20441.032027642654,0.1319599865091244,0.06463130744837348
116,489.28584,20437.950953168805,0.12283080022056099,0.06463130744837348
117,489.42253000000005,20432.242872023075,0.10800559266660947,0.005909053204823638
118,490.91021,20370.323933576365,0.10254953840036167,0.01062851472980632
119,491.07542000000007,20363.470849345296,0.09608013545757854,0.03526919530526397
120,491.13878000000005,20360.843833182953,0.09001004963308422,0.03526919530526397
121,491.16967999999997,20359.562911130834,0.08734021411457746,0.03526919530526397
122,491.1935900000001,20358.571861656415,0.08741395850774011,0.03526919530526397
123,491.86028,20330.976918892495,0.14052995487474354,0.01065331015353904
124,491.9385500000001,20327.742153974308,0.1464508902412152,0.15210045027201893
125,492.18768,20317.452887077547,0.1683479735109237,0.15210045027201893
126,492.61443,20299.851955209673,0.1323074767649692,0.15210045027201893
127,493.95522000000005,20244.750121276174,0.1336054158038399,0.0766335603563252
128,494.01923,20242.12701193838,0.12117553904779022,0.0766335603563252
129,494.10654000000005,20238.550171790885,0.10031279549959192,0.0766335603563252
130,494.70177000000007,20214.1989506122,0.06193105037347861,0.0095201983872444
131,494.77686000000006,20211.13113495243,0.060268090457687565,0.014173459655304553
132,495.14876000000004,20195.950808803398,0.07315364971736274,0.016695028232009492
133,496.74747,20130.953057496194,0.08187198357616497,0.01718117361218957
134,496.92836,20123.625063379357,0.07897435742168088,0.00874218121508847
135,497.13044,20115.44495243542,0.0872140173954084,0.018713628231375935
136,497.1882800000001,20113.104838271727,0.08443248371373148,0.018713628231375935
137,498.38901,20064.647894222227,0.14897232878186237,0.07712072403635356
138,498.46411,20061.624898129576,0.14406994355583264,0.07712072403635356
139,498.52434000000005,20059.201121453767,0.132053781643579,0.07712072403635356
140,498.66438,20053.56789269769,0.12942316896788636,0.03047328122042493
141,498.69381999999996,20052.384045986375,0.12921866519206346,0.03047328122042493
142,498.76138000000003,20049.667839157875,0.14099857402492824,0.03047328122042493
143,499.0341900000001,20038.70716753896,0.0999389546802713,0.011783098752310314
144,499.26608,20029.39995442911,0.0742458834283586,0.019951112852173058
145,499.55228,20017.924850628246,0.07771100481768163,0.010979836776717307
146,500.05071,19997.971805699468,0.10478318520619535,0.015700346881910823
147,500.32589,19986.97289080923,0.1354227739618088,0.1302731267159139
148,500.41883,19983.26082174006,0.15162723230133973,0.1302731267159139
149,500.54402000000005,19978.262850887717,0.1478844290051311,0.1302731267159139
150,500.71085999999997,19971.60596836266,0.13523747096694247,0.1302731267159139
151,501.63412,19934.848131941264,0.15788216032185812,0.09129797079388335
152,502.36362,19905.900033127396,0.1343537414790342,0.02238907137354308
153,502.45876,19902.1308733875,0.1396406287190621,0.01847938848965436
154,502.91588,19884.041044796595,0.10495015234477788,0.04830458768332116
155,502.95286,19882.579055221995,0.09798196669421022,0.04830458768332116
156,503.10203,19876.68386072702,0.09152290211568621,0.04830458768332116
157,503.21816,19872.096825758435,0.08799610208043045,0.011513797291048228
158,504.31619,19828.83000444622,0.12882158569532653,0.07851668738009114
159,504.56179000000003,19819.178142680998,0.13211758800329743,0.07851668738009114
160,505.60519000000005,19778.277988008784,0.0848993969652283,0.004327777763362048
161,507.01789,19723.169926015824,0.10848526915037005,0.017517941182904662
162,507.40862,19707.98209931869,0.09613674085243694,0.029326798850148574
163,508.03906,19683.525908421292,0.131032703736754,0.06896978390192193
164,508.47555000000006,19666.629005072118,0.13150951384537718,0.03495641780759762
165,509.21929,19637.904919116478,0.060989906786359106,0.012032861168546356
166,510.01192000000003,19607.38486269105,0.10170652426269336,0.04924160307493937
167,510.0498400000001,19605.92713841455,0.10453058681924991,0.04924160307493937
168,510.88707999999997,19573.79701205206,0.10142823328438151,0.061184938484591195
169,511.72037,19541.92286697518,0.05103116621901425,0.012783061649574925
170,512.8788,19497.78388188399,0.12249509370331056,0.04365650009424403
171,513.28984,19482.17015166324,0.10010433367938716,0.015244269796194778
172,513.88135,19459.744939177108,0.11832633252842044,0.029354976508551126
173,514.3171500000001,19443.255975422944,0.14705705888136197,0.009433252753189642
174,514.9477,19419.44783907181,0.10312496726663015,0.02692241624901116
175,514.9663400000001,19418.744922240934,0.1057313550687462,0.02692241624901116
176,516.04947,19377.987153053367,0.09473309973056648,0.014729931741007465
177,516.37108,19365.918013843842,0.13777650162808064,0.25525045032067994
178,516.6849500000001,19354.15382236312,0.21034225152571057,0.35355926319728553
179,519.63884,19244.13502270154,0.1298389510454797,0.03318971650567308
180,519.69191,19242.16984636147,0.13510317301482969,0.03318971650567308
181,519.7506500000001,19239.995178457208,0.1351528209911381,0.03318971650567308
182,520.01588,19230.181970596743,0.0960190983850916,0.01018181965512714
183,521.66327,19169.453889287623,0.08927095791445133,0.0376399340481394
184,521.77263,19165.43610192815,0.08269644034410824,0.0376399340481394
185,521.8842,19161.338856397648,0.08094449096966806,0.02281327334609353
186,522.46397,19140.075821879163,0.11299336132241714,0.0029536483810917325
187,522.69809,19131.502852822745,0.12629252186928905,0.07588360678239299
188,522.98323,19121.072008370134,0.15115161515156036,0.07588360678239299
189,523.43971,19104.39695146553,0.10376453411877805,0.06328975652202286
190,524.39504,19069.59303047565,0.04978326446138581,0.00893982870949849
191,524.5236600000001,19064.916919095696,0.057845227442680086,0.00641689563650242
192,524.8511000000001,19053.022847813405,0.07877908710266977,0.0077002088781086536
193,525.16703,19041.560929672225,0.08489441143315615,0.024202832944363366
194,525.2107500000001,19039.975857310612,0.08954860645955418,0.024202832944363366
195,525.4924,19029.770934841305,0.07577750695248087,0.0098020157578242
196,527.10039,18971.7180820147,0.18973048557977026,0.1589456526969897
197,528.3260100000001,18927.70715566322,0.0795632784312859,0.02170941110414763
198,532.3521300000001,18784.559009841847,0.07166582996233521,0.0071317524234961885
199,532.56601,18777.015078374978,0.13049587238935956,0.12489851469118023
200,532.76244,18770.091975703093,0.1349365820103054,0.12489851469118023
201,532.95208,18763.413025801492,0.1425009690432259,0.12489851469118023
202,533.00139,18761.67715059805,0.14270546062267883,0.12489851469118023
203,533.1471700000001,18756.547089990177,0.11653999624810121,0.12489851469118023
204,533.43831,18746.31014034219,0.10550677631522491,0.015468076966883989
205,534.14147,18721.631930207554,0.07300993110200293,0.043267247665445596
206,536.68911,18632.76115291402,0.08718623154143727,0.02305589800861042
207,537.14552,18616.928984160568,0.10107884545833712,0.06062537199940909
208,537.29834,18611.63390156761,0.09156878271014937,0.06062537199940909
209,537.52029,18603.948885352773,0.0813569402042067,0.006795684049425996
210,538.1069900000001,18583.664932507192,0.054431438963597305,0.006315117536683101
211,538.48661,18570.563899444034,0.05402106603577605,0.021795076437598596
212,539.0977700000001,18549.510972749893,0.06161372662140907,0.011524812646756411
213,539.46671,18536.8250063104,0.09291040307436617,0.01784907997132407
214,539.91185,18521.541988752426,0.09465518847589088,0.038560979304102794
215,539.9780300000001,18519.271978528457,0.08208749793829216,0.038560979304102794
216,540.5323900000001,18500.27895645624,0.10655703314617244,0.06387345733898885
217,540.7278100000001,18493.592922472395,0.1122491498642328,0.06387345733898885
218,541.0637300000001,18482.11115537166,0.11738572021078458,0.04324316588241874
219,541.2414,18476.04414592084,0.09779862971212844,0.04324316588241874
220,541.67047,18461.408834046277,0.06739120756624291,0.02740803720496429
221,542.55759,18431.223126009536,0.06340853621188851,0.03112483118085429
222,543.4458,18401.099060844706,0.09783704283484088,0.03798984482386135
223,543.60344,18395.76291128695,0.08997435284320952,0.03798984482386135
224,544.65558,18360.22684280587,0.06397303439175932,0.050894968080099814
225,546.44776,18300.01096536657,0.05844468858157922,0.033640137801150834
226,546.47944,18298.950094078562,0.059771134849661824,0.033640137801150834
227,546.5798,18295.59014072602,0.06034532563128941,0.033640137801150834
228,546.7915200000001,18288.50601048092,0.06749797347897617,0.009028526095050072
229,546.8507,18286.526834472374,0.06456736940621606,0.004076025722466034
230,547.5421500000001,18263.434148403,0.08241425686227784,0.013703304169762679
231,547.8086000000001,18254.550950824792,0.09325476982160628,0.043017332145273014
232,548.46223,18232.79608515613,0.06373364669802117,0.009864898497298586
233,549.50251,18198.279021509836,0.050784797356938784,0.017703920395010616
234,549.9043399999999,18184.981045976107,0.0557829797438288,0.014900433568366556
235,550.2993700000001,18171.927036732748,0.057617313259106656,0.015589843246215934
236,550.8309,18154.39184693524,0.05456617520403891,0.020746791371349323
237,552.39805,18102.88794466237,0.036719573246511227,0.004454358907931571
238,552.70791,18092.739074423596,0.06635458334099295,0.006451124485758254
239,554.47292,18035.14588232731,0.042040384493491276,0.007936523351731353
240,554.54754,18032.719070397463,0.03853542930282691,0.0073390693251846675
241,556.17557,17979.93392626001,0.042364062785379096,0.005396919886342405
242,556.42512,17971.87014130491,0.06173812959262309,0.011674050975947283
243,556.72496,17962.190881472245,0.06900101441296892,0.013926473949826119
244,557.7637100000001,17928.7390353883,0.05829779160743079,0.014080889305131673
245,558.8307100000001,17894.506907109666,0.0980355458998995,0.06846274511352393
246,558.91254,17891.88698467921,0.09715760492484637,0.06846274511352393
247,561.72028,17802.45498702664,0.06954075046947324,0.05004890451891119
248,562.01925,17792.984848828575,0.07247372355864896,0.005402389396697384
249,562.55831,17775.935084844805,0.054803595660138586,0.03028142998544152
250,563.73869,17738.715077370332,0.045678939168796805,0.004680745520216322
251,563.82607,17735.965986815758,0.056315352703427225,0.002114977718231429
252,564.4317500000001,17716.933889704113,0.04770438167592769,0.0023729237360332663
253,565.1555400000001,17694.243959813255,0.03998456790883734,0.007455613286818582
254,565.30375,17689.60492478601,0.0475443721277155,0.0018447592196323855
255,565.38867,17686.94798924782,0.045416765124163934,0.0026615488188291006
256,565.67459,17678.008128312784,0.07151001908159904,0.024422443245770406
257,566.11454,17664.269848995576,0.08461669827437343,0.002202975668806304
258,566.29166,17658.744965447666,0.07213514160690662,0.0022849100619133436
259,566.40877,17655.093864454113,0.08082439377532466,0.017740821966902815
260,567.92603,17607.926863292392,0.03877666669519158,0.0006453101863078396
261,567.99544,17605.775144955387,0.04273613992085626,0.0004739971221147442
262,568.05988,17603.777967914226,0.044394210191409766,0.0062608649764909095
263,568.1816600000001,17600.004899841362,0.05317594780405759,0.0010738004466479144
264,568.8108100000001,17580.53789448903,0.07571184755522455,0.012320848224025056
265,569.30762,17565.19612367036,0.055153913794812416,0.004639599581775513
266,569.767,17551.034019169238,0.04013547296091096,0.0017235868385840733
267,569.96009,17545.088113099286,0.04926260933336518,0.010422437481472145
268,570.3126500000001,17534.241963596633,0.05585399185496063,0.008828786034203812
269,570.63164,17524.440109910487,0.08226350830720307,0.001988789334961912
270,570.70475,17522.195145563448,0.08087214178138773,0.004075439727215649
271,571.09623,17510.183879168664,0.09022216387649738,0.021293512383761006
272,571.15164,17508.485137152016,0.08886248547109055,0.021293512383761006
273,571.37163,17501.744005035744,0.07730384491002076,0.014271704877511707
274,571.6134500000001,17494.339924996515,0.0591019646139028,0.0006383436218042839
275,572.60428,17464.067855028956,0.0179835726547806,0.0005577415093626888
276,573.33522,17441.80306941548,0.02384050553398078,0.0060515166894815255
277,573.38861,17440.179008787774,0.02045842118841595,0.0016418256640300213
278,574.34411,17411.164885106944,0.020237098685364475,0.0041424428923235055
279,574.45529,17407.795130583618,0.024474368855040923,0.0027763852654117127
280,575.36274,17380.339922602565,0.05263285345012601,0.0061061354797918195
281,575.47184,17377.044895889256,0.04461263630381336,0.02674722112592363
282,575.59986,17373.18004212162,0.04240134774195775,0.02674722112592363
283,576.08595,17358.52089432141,0.047267001011444834,0.001071660808094048
284,576.1942200000001,17355.259134671636,0.03741257437997797,0.007374478098979885
285,576.28537,17352.51408516583,0.03723832608085368,0.007374478098979885
286,576.40117,17349.027934832262,0.035142517379275616,0.019120794170599427
287,577.0922899999999,17328.250911132433,0.01799131370997541,0.0011633084891919175
288,577.66821,17310.97510108787,0.025139881932416043,0.006242683123755938
289,578.22031,17294.446125560688,0.051762735269006904,0.011279229741775062
290,578.2407400000001,17293.835090208275,0.05536506498221197,0.011279229741775062
291,578.62625,17282.31306478059,0.061575004662159295,0.018462597087411714
292,579.31299,17261.825943174517,0.033291704310308055,0.011304470545042713
293,579.55214,17254.702915944716,0.0362614226988263,0.0037500157932037837
294,580.83349,17216.638110863754,0.027343153063028224,0.005595735406411926
295,580.9394100000001,17213.4990807389,0.028519389320019132,0.0008192629172439611
296,580.95858,17212.93108365832,0.028686026316232915,0.00032333453901241244
297,581.35259,17201.26507047986,0.025387831385604756,0.0010614506717544962
298,581.64197,17192.707053103473,0.019847803440317627,0.0022690436456657445
299,581.86893,17186.00097791783,0.01900342511870265,0.001658395128655523
300,582.94928,17154.151043809507,0.010040272576339965,0.0011563170872474348
301,583.67184,17132.914961256312,0.016208772515262346,0.0014618417507647839
302,583.93196,17125.282883985317,0.013422323589638714,0.0010388801666642794
303,583.9990300000001,17123.31611235724,0.013837268215354331,0.0029942395178552683
304,584.65391,17104.136017836605,0.013566606572384206,0.00037804191573588834
305,584.69073,17103.05891116146,0.013861043502243604,0.0006649534773904205
306,585.13056,17090.20291129556,0.0259299011943253,0.0007778556309975688
307,585.2827100000001,17085.76014487084,0.03019744761733028,0.0007224162041119913
308,585.38409,17082.801140017316,0.028525170449765592,0.004189850372399987
309,585.47708,17080.087917361343,0.04467563071207407,0.0008254504973932538
310,585.6699600000001,17074.46289374309,0.05269832748953216,0.0023422401938429233
311,585.77113,17071.513920462417,0.05254679249688147,0.0034369164573085477
312,585.98892,17065.16908203657,0.05769073488556201,0.00035718712413942543
313,586.04019,17063.67612774134,0.05139409214499567,0.0014089315191112943
314,586.12109,17061.320895311925,0.052175687831356676,0.00859774636241175
315,586.27342,17056.887893706662,0.048056314251071305,0.000891198575906761
316,586.39814,17053.26009390139,0.04987461681024711,0.009834132785583479
317,587.48407,17021.73813836348,0.01688593077739855,0.00238631390612152
318,588.29101,16998.389963497826,0.03937032962072504,0.0047075764959196124
319,590.41092,16937.356104456874,0.05836586979633529,0.0017747445981833026
320,590.73085,16928.183114188127,0.04611502200585301,0.009352004496678827
321,590.8479900000001,16924.826976224456,0.04060108755116034,0.004136947607807552
322,591.78867,16897.92405116509,0.0566009347085227,0.008135912679400285
323,592.94316,16865.022947562124,0.046871112221704106,0.0043470817275458595
324,593.13202,16859.652931905446,0.043407581179398226,0.004137907150477393
325,593.1822900000001,16858.224138822483,0.04408267029116324,0.010970252262539663
326,593.6299200000001,16845.5120995249,0.03800884234584414,0.008308388714689939
327,595.4367500000001,16794.395038599814,0.05158783483711283,0.011592500879404692
328,595.83446,16783.1850477396,0.039680830460361007,0.00682161090701932
329,596.48905,16764.76709840692,0.029188459958174463,0.0004073316224375733
330,597.1215900000001,16747.007925136317,0.027367251623494928,0.000464623556566782
331,597.7815800000001,16728.518131990615,0.03621094204722813,0.016614839247093293
332,597.8432700000001,16726.7919566946,0.03485226843021105,0.016614839247093293
333,598.5338399999999,16707.493096798004,0.04111362597956189,0.021869745860018826
334,598.64728,16704.327128989877,0.042533313853467945,0.021869745860018826
335,600.46749,16653.690943368143,0.034553838787834745,0.010846463174497084
336,600.72046,16646.677890744722,0.04230798664606893,0.0026021672056977118
337,600.96241,16639.975868041398,0.041620896060919794,0.017509610312712056
338,601.02207,16638.3241134556,0.04194177282608464,0.017509610312712056
339,601.6910200000001,16619.825903334902,0.04670533056108032,0.0006563150120875696
340,601.99662,16611.38894766552,0.054656670545978954,0.0013208061712730503
341,602.10329,16608.44603589527,0.05761255955925059,0.0006812016907926729
342,602.57262,16595.51009801939,0.052324513789649876,0.01311424465375221
343,602.8720000000001,16587.268939343674,0.030606021216934686,0.006801692342787407
344,603.57064,16568.068983607285,0.010463826233200232,0.0008854566241801225
345,605.5750400000001,16513.230135773098,0.01964032572200803,0.0010678112340348873
346,605.76815,16507.96596024403,0.02003419408203107,0.008567957602631479
347,606.45271,16489.33187222463,0.021136375731099177,0.0027755113419474214
348,608.01739,16446.89800730864,0.025002703712296577,0.008413089258703066
349,608.0692200000001,16445.49612295784,0.025310350704095444,0.0048373359604528795
350,608.4394599999999,16435.488914542133,0.03444448053160178,0.004598312660985506
351,609.53313,16405.999129202377,0.027678296672923184,0.003115766401882754
352,609.60607,16404.03613435148,0.027821393838406677,0.00199943629619825
353,609.8353000000001,16397.87004786374,0.020574735110266917,0.0038442582989271215
354,609.99329,16393.6229528033,0.043762872299749234,0.001650546862755408
355,610.19603,16388.17610793043,0.04409278966319451,0.0008536251012439445
356,610.68214,16375.130931453145,0.04581362225732829,0.0012633932123587539
357,612.1943500000001,16334.681951899749,0.04277054815276597,0.0005574401124420502
358,612.96027,16314.271070129878,0.02637426336091896,0.0053837867508564905
359,613.83138,16291.118906302901,0.05088047016174364,0.04035646026805667
360,613.86932,16290.112038829371,0.059382744033123755,0.04035646026805667
361,613.9390400000001,16288.262104980322,0.06326857656569874,0.04035646026805667
362,615.3320600000001,16251.38790915591,0.036738342731927526,0.005036693206434463
363,615.94325,16235.261933627813,0.06850484615969799,0.007121352952067405
364,616.70664,16215.165122918086,0.09297984258871891,0.004628105546942813
365,617.5043800000001,16194.217116322314,0.05679007761941656,0.007194410534479422
366,618.1914300000001,16176.219071817282,0.026057522441433778,0.006555476447758221
367,618.97026,16155.865065310245,0.039451306189230706,0.004936343667287476
368,620.2028500000001,16123.756928882216,0.01677938571994326,0.007835258627784432
369,621.51493,16089.71807000678,0.02724055378899502,0.008429441329890435
370,621.68633,16085.28210681422,0.03670966141660264,0.008513240528982894
371,622.10016,16074.581945132437,0.035468058968008066,0.009513641834811662
372,623.43654,16040.124950006939,0.04272300530163409,0.009013753783806864
373,624.23726,16019.550002510263,0.040315305993936214,0.004915799011954266
374,624.80467,16005.002011268578,0.04201407487317731,0.013324637960461074
375,625.4285,15989.037915605062,0.04982983065612151,0.01273138108566466
376,626.68669,15956.936950424142,0.021306794532542157,0.009091235334420928
377,627.1959300000001,15943.981014034958,0.018398472772034498,0.005497263475366706
378,628.23553,15917.59701970374,0.08753816738627124,0.02305779840146613
379,629.9534800000001,15874.18804321868,0.07070520182310285,0.007936014759194076
380,630.3243900000001,15864.846987754985,0.0606652747826231,0.029574160827900136
381,630.4236500000001,15862.349072722762,0.06179548120503595,0.029574160827900136
382,631.3245700000001,15839.713002140878,0.04283187113704133,0.004055406644639211
383,631.7558,15828.900977244688,0.06033699068676724,0.004244517947954382
384,633.85765,15776.412890181256,0.025748797450529954,0.013028528126191775
385,634.06302,15771.30298499351,0.032619455625983514,0.009167391590758025
386,634.59033,15758.197891228503,0.028173506490682867,0.017354488187965828
387,636.61253,15708.141968239299,0.03392497038578113,0.0382024635440485
388,636.6454800000001,15707.328983157153,0.0351599663878717,0.0382024635440485
389,638.25072,15667.824080167116,0.01730655787839188,0.005364914172928022
390,638.74838,15655.617005243912,0.012505654763073797,0.0010879477465945467
391,639.43059,15638.913990649085,0.022286608279010592,0.0018421307898024368
392,639.53687,15636.315072811985,0.022706546813553954,0.015853040719126733
393,640.17704,15620.678929691074,0.03171765012585837,0.02610493852908764
394,640.97896,15601.136112174414,0.0399778454763659,0.01780003231956282
395,641.34216,15592.300995774236,0.045355347158943765,0.016606616833904558
396,642.14198,15572.880003889482,0.03773225154097674,0.010554452899688769
397,642.1724100000001,15572.14206695675,0.037116551892550954,0.010554452899688769
398,642.31257,15568.744046220361,0.033848951496891225,0.012511921108594188
399,643.2623800000001,15545.755994622285,0.024866146625379802,0.012718891693914472
400,643.81862,15532.324927166599,0.03347676123485063,0.0010362676028961978
401,648.3661400000001,15423.384077397994,0.04944990538081258,0.008223294625135673
402,649.67751,15392.252072878435,0.10194119555369684,0.07106938054034263
403,649.8261600000001,15388.731041545017,0.09477028172493994,0.07106938054034263
404,650.0735,15382.87593633643,0.07489432892120358,0.004743340345040035
405,651.1415400000001,15357.644053856553,0.013316219488424385,0.0003120986762434299
406,652.0168100000001,15337.027890431227,0.054185108720299933,0.017576030119130216
407,655.34879,15259.050070116098,0.06025998506254827,0.16185845026471266
408,655.8599300000001,15247.158032661027,0.1165520630738586,0.3064888193639288
409,657.10301,15218.314096598035,0.09993224664237858,0.303803486693826
410,658.3028,15190.577952881256,0.025800977993654682,0.06010306197182686
411,659.31334,15167.295113428161,0.04027271818650019,0.001172707854895786
412,659.4734800000001,15163.612037894229,0.03738405168280678,0.015303419075274655
413,659.5691700000001,15161.412107846094,0.03923045767808504,0.010240351314353979
414,660.9851,15128.934071282394,0.02104608012781534,0.0017721909800127887
415,661.09356,15126.451995690291,0.022749617747432352,0.006899942443033612
416,662.6851700000001,15090.121905097105,0.0089115656119141,0.0017912711823497025
417,662.9375100000001,15084.378013245921,0.011960167424063218,0.0028739329157763684
418,663.52444,15071.034911690667,0.026028156423149096,0.01481608141199038
419,663.55816,15070.269047704875,0.026063360743116964,0.01481608141199038
420,663.59392,15069.45693534986,0.0257716278259655,0.01481608141199038
421,664.8767300000001,15040.381996825185,0.016343727906884306,0.000980310338900057
422,665.56901,15024.738005755406,0.0052739131156054496,0.00104126955248761
423,666.9260100000001,14994.167044107333,0.02234797985477213,0.000651272768519771
424,668.9338600000001,14949.161042617874,0.0032485509422559957,0.0003643213648509365
425,669.41201,14938.48310250663,0.010106455262265343,0.00024207063682281883
426,670.09914,14923.164951383163,0.01726416663875394,0.000835535241026499
427,670.54182,14913.31293848309,0.016341105165011003,0.0037586525613642185
428,670.63319,14911.281083478734,0.014018418380218946,0.0005954799704190228
429,670.69535,14909.89910694923,0.014289954035804858,0.004794362954676919
430,670.92849,14904.718087019974,0.01584369511579964,0.0007437922727416622
431,671.21721,14898.306913197293,0.013024008702896758,0.0016103201863080347
432,671.72372,14887.072917419086,0.030115715845361487,0.0030073426456797055
433,671.8091400000001,14885.180037889926,0.03021586107291934,0.0017955683555046305
434,672.7213800000001,14864.995074186581,0.01629457646218262,0.0017556049785275407
435,672.85238,14862.100955933305,0.015594699063969097,0.00481890458849408
436,673.3923300000001,14850.183993037163,0.008443885014317441,0.0007152482919457151
437,673.5010000000001,14847.787902319371,0.010879350082332867,0.0026901941787061635
438,673.9847,14837.13205952598,0.014521070075689792,0.0031259130847598555
439,674.13823,14833.753012345851,0.014052252492713076,0.001186228759558924
440,674.69632,14821.482945097432,0.015049346421583941,0.000881361447436601
441,674.8817300000001,14817.411044747054,0.01990344182214104,0.00045829649282825544
442,675.2015700000001,14810.392102613148,0.020621013199205413,0.007554511481547937
443,675.4571100000001,14804.789011696093,0.021956378711578798,0.0037639594348969413
444,675.53281,14803.129991569172,0.02071315948051289,0.0006232728682466125
445,678.55762,14737.141998346433,0.013943461233532024,0.004465287220553147
446,678.8733500000001,14730.288057411592,0.014546394553550092,0.0026325287546944405
447,679.51341,14716.413028552299,0.011342309796902716,0.0012813102338269057
448,680.5878600000001,14693.180098745808,0.01292537188533122,0.00413501267444708
449,680.61492,14692.595924873349,0.012630059159630736,0.00413501267444708
450,680.87234,14687.041039146927,0.015691581651408385,0.0035637124861419775
451,681.2142200000001,14679.67007500225,0.015533048954872663,0.005164555093969056
452,683.04756,14640.268973364022,0.0114589115433412,0.007334053918970577
453,683.88928,14622.249964204733,0.025122890307240898,0.0018113302705552762
454,684.17179,14616.212106611412,0.03757181307462885,0.009508450205962093
455,684.4574,14610.11306182094,0.03580283900835139,0.016246538993726144
456,684.55444,14608.041984213849,0.03606937435410032,0.0063577701683966694
457,685.7053700000001,14583.522949514014,0.022113140208988614,0.008753718163549272
458,685.9142400000001,14579.082073000845,0.026237278029735172,0.0022355206138884283
459,686.0042100000001,14577.170014743786,0.02927526159220183,0.0052991012578111375
460,691.85896,14453.812956328555,0.08697991523909003,0.007535816904183659
461,694.7121000000001,14394.452032719739,0.09079882838695943,0.00835745908448591
462,698.0776500000001,14325.053953525083,0.05075741257703212,0.01424102279455475
463,700.18146,14282.011980151545,0.06469469142193233,0.029458065415387598
464,702.4890700000001,14235.09692471087,0.0805092276348735,0.03696698887377018
465,713.49526,14015.51006799961,0.035154284768818655,0.004800999461229836
466,720.90979,13871.361075565363,0.18896168578492106,0.34332411801603196
467,720.93744,13870.829069440477,0.17946702411375626,0.33011709969789
468,729.0746800000001,13716.016032815733,0.1949915685290326,0.23354068541553522
469,740.3723600000001,13506.717079497672,0.037444808349965816,0.006970282957891432
470,741.3195700000001,13489.459073635408,0.06080523207927875,0.01681324097829537
471,742.07108,13475.798032716757,0.05865274662151229,0.005017588559968613
472,744.29616,13435.51201446478,0.03144286447018278,0.007489243775455426
473,744.50723,13431.703007101756,0.03714760876966476,0.0043376412486564
474,744.9444900000001,13423.819001601043,0.03205306831565757,0.003498118441091493
475,746.3575500000001,13398.404022308074,0.021631369910507778,0.0028702112553436313
476,747.5612100000001,13376.831042370428,0.01459931762480384,0.002164042987255963
477,747.84348,13371.782020483752,0.015205453544182235,0.003468158806685507
478,748.3993,13361.851086712668,0.014803674180526789,0.00501137684086549
479,749.37117,13344.521914287148,0.03336147982788808,0.00703173521748046
480,749.7131400000001,13338.435017959002,0.03420356405496349,0.01952904686195891
481,750.0595400000001,13332.274928467677,0.027963538130129452,0.0019364483501529614
482,750.80813,13318.982041390522,0.024746083482363006,0.0025642210017919943
483,750.93335,13316.761068076148,0.03600620868787762,0.0063370965284285305
484,751.3088700000001,13310.105070368727,0.03587007000132329,0.021102745855063974
485,753.32189,13274.537926941164,0.01832000267443939,0.012387031552240092
486,754.39894,13255.585963575188,0.012120763889128326,0.0011586375041913492
487,754.9975000000001,13245.076970453543,0.014502653503361398,0.0037363286003540526
488,756.50931,13218.607977210484,0.014938480476920866,0.0018452142138491044
489,757.09838,13208.323071567,0.01878458149230749,0.008436409298381884
490,758.8107200000001,13178.517035183688,0.036764166425392514,0.015533068952513019
491,759.03944,13174.54597616166,0.038772078983350895,0.005025360228638461
492,762.0086900000001,13123.209920348807,0.4470685284638272,1.2248879722311867
493,771.24865,12965.987039329015,0.03105826147809295,0.007364915259187852
494,772.1173,12951.40000101021,0.0338545139236608,0.0028883495233543283
495,772.53335,12944.424988254552,0.026358512089396133,0.007230475730301573
496,773.97955,12920.238008872457,0.009192741552815646,0.0002235126431481658
497,774.76455,12907.14708100674,0.03893267236363676,0.0022057476533898887
498,774.8726200000001,12905.346945927704,0.0435725005254943,0.0018550221981882959
499,775.32422,12897.83002006567,0.029909950443340876,0.004740064851592106
500,778.2698300000001,12849.014075234034,0.016425359595571738,0.013691470319722222
501,780.46198,12812.923955629458,0.0204799223508402,0.0016122013596061783
502,781.00575,12804.003043511522,0.017721831214652373,0.006295185955744785
503,781.29639,12799.239991368704,0.018029305023482947,0.00791027762449186
504,782.29553,12782.892930501597,0.0023929955860965864,0.0005013769994899361
505,783.4351700000001,12764.29803374796,0.030454348056494867,0.016231790437541634
506,784.67172,12744.183006875792,0.008643335829686086,0.001248491938094741
507,785.7560000000001,12726.59706066514,0.009279953361266304,0.004000614892462731
508,791.5043700000001,12634.169031814694,0.05638526342820654,0.00766888749022544
509,793.93239,12595.53096202562,0.04954563140055309,0.019913080798436854
510,794.3273600000001,12589.267981402527,0.0650609674135611,0.004389813694112297
511,794.80326,12581.729974283195,0.05383725660142816,0.034666294010745405
512,795.71226,12567.356948854853,0.03570017910615662,0.0007121208091094609
513,795.7880500000001,12566.16004726384,0.04162717921059917,0.0025085519662180534
514,800.11458,12498.209943880787,0.060148134646951845,0.04052982303711475
515,803.05224,12452.490014846357,0.04987652417790842,0.03355383378816332
516,804.82606,12425.044984254113,0.059248215468924975,0.023846357634644006
517,807.4384500000001,12384.844937716303,0.03245346213119005,0.0021898141104542573
518,807.73715,12380.265040428065,0.029443612104618728,0.006421986055567616
519,809.9101900000001,12347.048010347911,0.06472307701948428,0.012444358984149454
520,820.6358399999999,12185.673002046804,0.09037555217926833,0.009505983646424226
521,820.99993,12180.269004407834,0.07572584105720209,0.10083373471298275
522,821.80634,12168.316929752575,0.13099076666459367,0.25359006569053116
523,822.2638800000001,12161.545999077569,0.1443008751664402,0.4394445772597683
524,824.1393,12133.871057963137,0.14128797305224805,0.32261249565633965
525,825.0398300000002,12120.626952034543,0.09788067092037311,0.015531280204628855
526,826.65506,12096.944038544927,0.08575582828319585,0.14618817595195696
527,827.19219,12089.08899393743,0.10599458543770475,0.007929263656287423
528,827.8166900000001,12079.96905691766,0.1909463565661498,0.24789468356513394
529,829.57942,12054.300961323268,0.13032435855755375,0.19400337426245395
530,833.42056,11998.74406746097,0.13356238720003283,0.1146997998862761
531,836.30934,11957.298001717882,0.07001528620929706,0.006157726769526756
532,836.79326,11950.383061163757,0.061060180447781755,0.007808070057051293
533,840.37088,11899.50798866329,0.03153630756152263,0.0039960470967287795
534,842.6455500000001,11867.385996401452,0.023977358077434632,0.0038797683815716077
535,844.1891100000001,11845.687040431021,0.04797431010009459,0.008889463953244772
536,847.07343,11805.35198701723,0.02774007669010609,0.015142233190636671
537,847.40721,11800.702049726484,0.026348350113851646,0.0038015192202794515
538,851.64113,11742.035051782903,0.047307762960741406,0.02471594069055229
539,852.90116,11724.688004879721,0.031219749608642565,0.057257512422156515
540,857.4160099999999,11662.949937218926,0.020427703638725744,0.006747465487420409
541,860.11924,11626.294977426618,0.026630842458982864,0.02015865803757115
542,861.2977300000001,11610.387037708782,0.02859556640023231,0.003136534503781933
543,861.41696,11608.780026806066,0.030893994282942802,0.010626111833420854
544,861.63072,11605.900031048104,0.027533167680662458,0.0033650594360116045
545,861.86464,11602.750055971666,0.023715894907357107,0.004512800421538038
546,862.3969,11595.588991565253,0.014353542936122206,0.007544530037247091
547,867.7129100000001,11524.549058512912,0.03972478248547947,0.06850411560853871
548,869.10119,11506.140038768099,0.0397196082906121,0.030613171690863878
549,870.18433,11491.81806112275,0.01867693043229065,0.007322778868854706
550,871.27838,11477.387973290466,0.02818408972735354,0.010286177536099735
551,875.9592600000001,11416.056038953226,0.02215221022329101,0.010873533312948007
552,876.63732,11407.225966606122,0.019663596789438135,0.012287869843808997
553,878.6852800000001,11380.639038359672,0.009530654475306112,0.002982195233335586
554,879.5758599999999,11369.116019168603,0.034435362537719484,0.014769393079683387
555,879.8899200000001,11365.05802907709,0.02234373759670153,0.0030078331700336383
556,880.70437,11354.547951204102,0.06871616970973117,0.06051361324351833
557,881.05898,11349.977954937818,0.06977128235933137,0.06051361324351833
558,882.6644200000001,11329.333972700519,0.027470113162596364,0.019772749749346792
559,884.9169900000002,11300.494976370606,0.012572763150669554,0.0056974965479730565
560,886.93676,11274.761010018346,0.055048528595547194,0.07375448520957066
561,887.84612,11263.213044170312,0.02588116748930524,0.004043795795357717
562,894.5519200000001,11178.780992387785,0.09804038498694131,0.023091544239775576
563,894.76459,11176.123990333592,0.11808143272921286,0.07443383527528534
564,895.2646100000001,11169.881941384905,0.18374070625438838,0.15428370511587713
565,897.78647,11138.506019142837,0.23401769014936016,0.4023385726963947
566,901.30681,11095.001046314073,0.2632178800387867,0.561893863730809
567,901.6451999999999,11090.83706096367,0.2885323072240915,0.5448936855427049
568,902.2222900000002,11083.743009718812,0.2771097080884401,0.526903977867619
569,903.92359,11062.881985412063,0.05652234541843584,0.0006229634602835666
570,908.66788,11005.12103498145,0.3188389921710906,0.5414009681681342
571,910.6136200000001,10981.606007606168,0.3268483055191363,0.49218492375467005
572,921.25533,10854.754023512678,0.17628751558109954,0.09468587945899433
573,978.6674000000002,10217.975994704635,0.17409974067211478,0.16909120880919262
574,980.29961,10200.962948460216,0.1559682547655609,0.14574240925724546
575,980.3487100000001,10200.452041192566,0.1516487174473824,0.14574240925724546
576,983.6880900000001,10165.82400626605,0.057221789747899175,0.0038971039298117726
577,986.44409,10137.421979992805,0.024005970608992854,0.008386939927109741
578,989.1747700000001,10109.436980484246,0.03533644593479928,0.008732770942395173
579,994.69321,10053.351022673614,0.015407700177354334,0.0031937339867482706
580,995.62017,10043.990972983202,0.01634582111453989,0.0007843449594318389
581,997.29673,10027.105974768412,0.007986839053495906,0.0003474932870563935
582,998.03766,10019.661983496695,0.0109080626448326,0.0011239718571630839
583,998.3200300000001,10016.827970485576,0.012638073505403108,0.002072386508190362
584,999.88031,10001.19704327411,0.02131937850274188,0.00033176965339119145
585,1002.2539000000002,9977.511686409998,0.031905328225070195,0.0010853389768131416
586,1003.5609000000001,9964.517350167787,0.02379834402073702,0.001336405052844978
587,1006.7804000000001,9932.652642026005,0.02711675320871757,0.014561318410503189
588,1007.3280000000001,9927.25308936116,0.01362745913436724,0.0007542598839715397
589,1008.4158,9916.544346092158,0.014275998150210828,0.0008101349999161657
590,1008.9005999999999,9911.77921789322,0.015328597207110975,0.0007582702817434999
591,1011.6789000000001,9884.559221310239,0.011372358345367253,0.0020934709313456977
592,1013.9879999999999,9862.049649502756,0.005701881363815285,0.0008975503807555951
593,1014.8344,9853.82442692128,0.023514654765864822,0.015591430072563608
594,1015.1860000000001,9850.411648702799,0.02463006809166561,0.0003238861142949691
595,1015.7949000000001,9844.506996441898,0.012728515320248822,0.0019056231110486487
596,1015.9290000000001,9843.20754698409,0.012725601685255925,0.002744600833879545
597,1017.0255999999999,9832.594184453175,0.010600495773661598,0.0023102458601156083
598,1019.7902,9805.938515588794,0.02022926210086817,0.002435660467828869
599,1021.9114,9785.584151424478,0.026067786923585048,0.01416986164049888
600,1022.1211,9783.57652532562,0.025053246063944334,0.0043434621336748865
601,1025.5364,9750.994698969242,0.006966034832200532,0.0010327674596504472
602,1026.141,9745.249434531901,0.007548477843098435,8.645404895304794e-05
603,1026.8033,9738.963635975848,0.00485072428361116,0.0007794852028515972
604,1028.6596,9721.38888316407,0.0054158289106396385,0.0007157048442742103
605,1031.0279,9699.058580277022,0.007455239595235829,0.0005713947217139876
606,1033.5161,9675.708003000631,0.018805970734238394,0.0011412501139377459
607,1034.372,9667.70175526793,0.02327499380116596,0.004975295256659147
608,1034.8019000000002,9663.685387512332,0.026709725268542303,0.0007671154225703085
609,1035.0802,9661.087131219396,0.02174682264254492,0.003759901603427161
610,1035.6644000000001,9655.637482566746,0.0047787384191936445,0.0024791936778966544
611,1036.5544,9647.347018159395,0.005307913078722656,0.0012247940267942222
612,1036.6902,9646.083275408604,0.004741479566516645,0.0017871026798815652
613,1038.1846,9632.198358557813,0.00926608142641673,0.008120020234909526
614,1039.1591,9623.165499873887,0.0025238967182810604,0.0007617012727757092
615,1039.8646,9616.636627499387,0.012027011271118366,0.0064796381303237624
616,1042.5887,9591.510055691184,0.007959096203451876,0.0024917686903867167
617,1042.6602,9590.852321782302,0.00800890847741714,0.0031495618806784195
618,1053.5122,9492.059038329126,0.01632376216940862,0.006504187560503087
619,1055.8543,9471.00371708483,0.005058593925925499,0.0012077056534643162
620,1058.0039000000002,9451.761000124856,0.008622915391691749,0.0018441357908124331
621,1061.9632,9416.522154440005,0.004834602248851654,0.0015795670212953453
